<?xml version = '1.0' encoding = 'UTF-8'?>
<Entity class="oracle.dbtools.crest.model.design.logical.Entity" directorySegmentName="seg_0" id="0B68A423-A33D-4FB4-C028-6C932B8C2F5F" name="Spiel">
<createdBy>Kaan</createdBy>
<createdTime>2018-03-02 09:09:28 UTC</createdTime>
<ownerDesignName>UndertaleMonopolyDDM</ownerDesignName>
<engineerTo>
<item key="9A812D63-8594-B5D2-E8CB-763055F77336" value="true"/>
</engineerTo>
<adequatelyNormalized>NO</adequatelyNormalized>
<expectedVolumes>0</expectedVolumes>
<fwdEngineeringStrategyName>Single Table</fwdEngineeringStrategyName>
<growthPercent>0</growthPercent>
<growthType>Year</growthType>
<maxVolumes>9999999</maxVolumes>
<minVolumes>0</minVolumes>
<normalForm>Third</normalForm>
<attributes itemClass="oracle.dbtools.crest.model.design.logical.Attribute">
<Attribute name="SpielID" id="F2766A66-48F1-57E5-4232-5CEBF8320259">
<createdBy>Kaan</createdBy>
<createdTime>2018-03-02 09:09:51 UTC</createdTime>
<ownerDesignName>UndertaleMonopolyDDM</ownerDesignName>
<engineerTo>
<item key="9A812D63-8594-B5D2-E8CB-763055F77336" value="true"/>
</engineerTo>
<useDomainConstraints>false</useDomainConstraints>
<use>1</use>
<logicalDatatype>LOGDT011</logicalDatatype>
<ownDataTypeParameters>,,</ownDataTypeParameters>
</Attribute>
<Attribute name="AmZug" id="BBC3A013-D308-5854-A5E3-F39E4C7DD32F">
<createdBy>Kaan</createdBy>
<createdTime>2018-03-02 09:09:52 UTC</createdTime>
<ownerDesignName>UndertaleMonopolyDDM</ownerDesignName>
<engineerTo>
<item key="9A812D63-8594-B5D2-E8CB-763055F77336" value="true"/>
</engineerTo>
<nullsAllowed>true</nullsAllowed>
<useDomainConstraints>false</useDomainConstraints>
<use>1</use>
<logicalDatatype>LOGDT011</logicalDatatype>
<ownDataTypeParameters>,,</ownDataTypeParameters>
</Attribute>
<Attribute name="Pashcounter" id="AB1F4A7B-B564-E1C9-F406-3C89B1DC7084">
<createdBy>Kaan</createdBy>
<createdTime>2018-03-02 09:09:52 UTC</createdTime>
<ownerDesignName>UndertaleMonopolyDDM</ownerDesignName>
<engineerTo>
<item key="9A812D63-8594-B5D2-E8CB-763055F77336" value="true"/>
</engineerTo>
<nullsAllowed>true</nullsAllowed>
<useDomainConstraints>false</useDomainConstraints>
<use>1</use>
<logicalDatatype>LOGDT011</logicalDatatype>
<ownDataTypeParameters>,,</ownDataTypeParameters>
</Attribute>
<Attribute name="Spielname" id="C66A488B-4B31-9B74-8A1D-BEC9CB19D37F">
<createdBy>Kaan</createdBy>
<createdTime>2018-03-02 09:11:03 UTC</createdTime>
<ownerDesignName>UndertaleMonopolyDDM</ownerDesignName>
<engineerTo>
<item key="9A812D63-8594-B5D2-E8CB-763055F77336" value="true"/>
</engineerTo>
<nullsAllowed>true</nullsAllowed>
<useDomainConstraints>false</useDomainConstraints>
<use>1</use>
<logicalDatatype>LOGDT024</logicalDatatype>
<dataTypeSize>100</dataTypeSize>
<ownDataTypeParameters>100,,</ownDataTypeParameters>
</Attribute>
<Attribute name="ZuletztGespielt" id="7D73282F-2F66-4841-A388-CE5BAEC3C15C">
<createdBy>Kaan</createdBy>
<createdTime>2018-03-02 09:11:03 UTC</createdTime>
<ownerDesignName>UndertaleMonopolyDDM</ownerDesignName>
<engineerTo>
<item key="9A812D63-8594-B5D2-E8CB-763055F77336" value="true"/>
</engineerTo>
<nullsAllowed>true</nullsAllowed>
<useDomainConstraints>false</useDomainConstraints>
<use>1</use>
<logicalDatatype>LOGDT024</logicalDatatype>
<dataTypeSize>200</dataTypeSize>
<ownDataTypeParameters>200,,</ownDataTypeParameters>
</Attribute>
</attributes>
<identifiers itemClass="oracle.dbtools.crest.model.design.logical.CandidateKey">
<identifier id="F2A7F31D-19E8-C5CA-4DC9-B982B1F43D80" name="Spiel PK">
<createdBy>Kaan</createdBy>
<createdTime>2018-03-02 09:10:10 UTC</createdTime>
<ownerDesignName>UndertaleMonopolyDDM</ownerDesignName>
<engineerTo>
<item key="9A812D63-8594-B5D2-E8CB-763055F77336" value="true"/>
</engineerTo>
<pk>true</pk>
<usedAttributes>
<attributeRef>F2766A66-48F1-57E5-4232-5CEBF8320259</attributeRef>
</usedAttributes>
</identifier>
</identifiers>
</Entity>