<?xml version = '1.0' encoding = 'UTF-8'?>
<Entity class="oracle.dbtools.crest.model.design.logical.Entity" directorySegmentName="seg_0" id="91B0BC8A-F01A-65C1-99B9-D229BABE0533" name="Spielfelder">
<createdBy>Kaan</createdBy>
<createdTime>2018-03-02 09:22:34 UTC</createdTime>
<ownerDesignName>UndertaleMonopolyDDM</ownerDesignName>
<engineerTo>
<item key="9A812D63-8594-B5D2-E8CB-763055F77336" value="true"/>
</engineerTo>
<adequatelyNormalized>NO</adequatelyNormalized>
<expectedVolumes>0</expectedVolumes>
<fwdEngineeringStrategyName>Single Table</fwdEngineeringStrategyName>
<growthPercent>0</growthPercent>
<growthType>Year</growthType>
<maxVolumes>9999999</maxVolumes>
<minVolumes>0</minVolumes>
<normalForm>Third</normalForm>
<attributes itemClass="oracle.dbtools.crest.model.design.logical.Attribute">
<Attribute name="SpielfelderID" id="A22C59AF-E188-788C-2E0C-695E3B325303">
<createdBy>Kaan</createdBy>
<createdTime>2018-03-02 09:22:45 UTC</createdTime>
<ownerDesignName>UndertaleMonopolyDDM</ownerDesignName>
<engineerTo>
<item key="9A812D63-8594-B5D2-E8CB-763055F77336" value="true"/>
</engineerTo>
<useDomainConstraints>false</useDomainConstraints>
<use>1</use>
<logicalDatatype>LOGDT011</logicalDatatype>
<ownDataTypeParameters>,,</ownDataTypeParameters>
</Attribute>
<Attribute name="SpielID" id="5BFAE16C-BBD6-1321-1F30-436691AAB4EA">
<createdBy>Kaan</createdBy>
<createdTime>2018-03-02 09:22:45 UTC</createdTime>
<ownerDesignName>UndertaleMonopolyDDM</ownerDesignName>
<engineerTo>
<item key="9A812D63-8594-B5D2-E8CB-763055F77336" value="true"/>
</engineerTo>
<useDomainConstraints>false</useDomainConstraints>
<use>1</use>
<logicalDatatype>LOGDT011</logicalDatatype>
<ownDataTypeParameters>,,</ownDataTypeParameters>
</Attribute>
<Attribute name="Besitzer" id="09DDADE5-34D7-5A6D-F04A-6BAD8A3F2A08">
<createdBy>Kaan</createdBy>
<createdTime>2018-03-02 09:22:45 UTC</createdTime>
<ownerDesignName>UndertaleMonopolyDDM</ownerDesignName>
<engineerTo>
<item key="9A812D63-8594-B5D2-E8CB-763055F77336" value="true"/>
</engineerTo>
<nullsAllowed>true</nullsAllowed>
<useDomainConstraints>false</useDomainConstraints>
<use>1</use>
<logicalDatatype>LOGDT024</logicalDatatype>
<ownDataTypeParameters>,,</ownDataTypeParameters>
</Attribute>
<Attribute name="Haeuser" id="46057D59-7165-4ECC-0D30-2FAC1F01AF3E">
<createdBy>Kaan</createdBy>
<createdTime>2018-03-02 09:22:45 UTC</createdTime>
<ownerDesignName>UndertaleMonopolyDDM</ownerDesignName>
<engineerTo>
<item key="9A812D63-8594-B5D2-E8CB-763055F77336" value="true"/>
</engineerTo>
<nullsAllowed>true</nullsAllowed>
<useDomainConstraints>false</useDomainConstraints>
<use>1</use>
<logicalDatatype>LOGDT011</logicalDatatype>
<ownDataTypeParameters>,,</ownDataTypeParameters>
</Attribute>
<Attribute name="SpielID1" id="77B8A628-EA9C-99C2-D8AE-CF808A0DD4E0">
<createdBy>Kaan</createdBy>
<createdTime>2018-03-02 09:30:05 UTC</createdTime>
<generatorID>07E38040-9883-CE39-4A97-538C740AEC07</generatorID>
<ownerDesignName>UndertaleMonopolyDDM</ownerDesignName>
<engineerTo>
<item key="9A812D63-8594-B5D2-E8CB-763055F77336" value="true"/>
</engineerTo>
<referedAttribute>F2766A66-48F1-57E5-4232-5CEBF8320259</referedAttribute>
<useDomainConstraints>false</useDomainConstraints>
<use>1</use>
<logicalDatatype>LOGDT011</logicalDatatype>
<ownDataTypeParameters>,,</ownDataTypeParameters>
</Attribute>
</attributes>
<identifiers itemClass="oracle.dbtools.crest.model.design.logical.CandidateKey">
<identifier id="58EC6045-A8CF-462C-7DCB-0DCAC2C8E434" name="Spielfelder PK">
<createdBy>Kaan</createdBy>
<createdTime>2018-03-02 09:22:49 UTC</createdTime>
<ownerDesignName>UndertaleMonopolyDDM</ownerDesignName>
<engineerTo>
<item key="9A812D63-8594-B5D2-E8CB-763055F77336" value="true"/>
</engineerTo>
<pk>true</pk>
<usedAttributes>
<attributeRef>A22C59AF-E188-788C-2E0C-695E3B325303</attributeRef>
</usedAttributes>
</identifier>
</identifiers>
</Entity>