<?xml version = '1.0' encoding = 'UTF-8'?>
<Relation class="oracle.dbtools.crest.model.design.logical.Relation" name="Relation_4" directorySegmentName="seg_0" id="07E38040-9883-CE39-4A97-538C740AEC07">
<createdBy>Kaan</createdBy>
<createdTime>2018-03-02 09:30:05 UTC</createdTime>
<ownerDesignName>UndertaleMonopolyDDM</ownerDesignName>
<engineerTo>
<item key="9A812D63-8594-B5D2-E8CB-763055F77336" value="true"/>
</engineerTo>
<sourcePk>F2A7F31D-19E8-C5CA-4DC9-B982B1F43D80</sourcePk>
<identifying>false</identifying>
<optionalSource>false</optionalSource>
<optionalTarget>false</optionalTarget>
<sourceCardinality>1</sourceCardinality>
<sourceEntity>0B68A423-A33D-4FB4-C028-6C932B8C2F5F</sourceEntity>
<targetCardinalityString>*</targetCardinalityString>
<targetEntity>91B0BC8A-F01A-65C1-99B9-D229BABE0533</targetEntity>
<transferable>true</transferable>
<deleteRule>NO ACTION</deleteRule>
</Relation>