<?xml version = '1.0' encoding = 'UTF-8'?>
<relationalModel class="oracle.dbtools.crest.model.design.relational.RelationalDesign" name="Relational_1" id="9A812D63-8594-B5D2-E8CB-763055F77336" mainViewID="E464EF24-8F8B-8AB5-66EE-73FBCFA66A6C">
<createdBy>Kaan</createdBy>
<createdTime>2018-03-02 09:09:29 UTC</createdTime>
<ownerDesignName>UndertaleMonopolyDDM</ownerDesignName>
<shouldBeOpen>false</shouldBeOpen>
<selectedRDBMSSite>32076570-2523-435C-2E92-BF29817DFF70</selectedRDBMSSite>
</relationalModel>